sentence,flag
"I can't stand that damn teacher yelling at us every day",1
"You're such a bitch for spreading those rumors",1
"This movie is full of shit and bad acting",1
"Why the hell did you break my phone?",1
"He's an asshole who never listens to anyone",1
"That stupid fuck ruined our plans again",1
"She's always acting like a slut at parties",1
"I told him to piss off and leave me alone",1
"This job is a total clusterfuck, I'm quitting",1
"Stop being such a dick to everyone",1
"The referee is a complete bastard for that call",1
"I hate this crappy town and its people",1
"Go fuck yourself, I don't need your help",1
"That jerkoff cut me off in traffic",1
"She's got a reputation as a whore around here",1
"This is such a shitty situation to be in",1
"Why are you acting like a total prick?",1
"I can't believe he said that racist crap",1
"He's always bragging about his big cock",1
"That fag keeps hitting on me, it's annoying",1
"This porn video is way too graphic",1
"Stop being such a retard, it's embarrassing",1
"I'm so pissed at this stupid game",1
"She's a skank who sleeps with everyone",1
"That guy's a motherfucker for stealing my stuff",1
"I don't give a fuck about your opinion",1
"This place smells like ass, let's leave",1
"He called her a cunt in front of everyone",1
"I'm tired of this bullshit at work",1
"That dude's a fagot, always causing trouble",1
"She's such a twat for ignoring me",1
"This is a goddamn waste of time",1
"how girl", 1
"He's a knobhead who thinks he's cool",1
"I saw some nasty shit online yesterday",1
"Quit being a wanker and help out",1
"That's a load of bollocks, I don't believe it",1
"She's a nympho who can't control herself",1
"This fucking computer keeps crashing",1
"He's a pedophile, stay away from him",1
"I hate that racist asshole next door",1
"This bar is full of sluts looking for attention",1
"Don't be such a pussy, just do it",1
"That's some hardcore porn you're watching",1
"He's a dickhead for cheating on her",1
"I'm so damn tired of your excuses",1
"She's a whore who'll do anything for money",1
"This shitty weather is ruining my day",1
"He's always talking about his cocky attitude",1
"Stop acting like a bitch and grow up",1
"I don't care about your fucking problems",1
"The park is a great place to relax",0
"I love reading books on sunny afternoons",0
"My dog is so playful and loves to fetch",0
"Let's go for a hike in the mountains",0
"She helped her friend with homework yesterday",0
"The flowers in the garden are blooming beautifully",0
"I enjoy painting landscapes in my free time",0
"We had a fun family picnic last weekend",0
"Learning new things at school is exciting",0
"The sunset over the lake was breathtaking",0
"I made a new friend at the community center",0
"Cooking dinner with my family is always fun",0
"The museum has an amazing dinosaur exhibit",0
"I love watching the stars at night",0
"Helping others makes me feel happy",0
"The beach is perfect for building sandcastles",0
"My teacher gave me a gold star today",0
"I'm excited to join the soccer team",0
"The library has so many interesting books",0
"We planted a tree in our backyard",0
"I love listening to music while studying",0
"The zoo was full of amazing animals",0
"My mom baked cookies for the class",0
"I learned how to ride a bike today",0
"The science fair was so much fun",0
"I helped my neighbor water her plants",0
"The park has a new playground for kids",0
"I'm reading a book about space exploration",0
"My cat loves to cuddle on the couch",0
"We had a great time at the festival",0
"I drew a picture of my favorite animal",0
"The hiking trail has beautiful views",0
"I love playing board games with friends",0
"The aquarium has colorful fish to see",0
"I helped clean up the local park",0
"My dad taught me how to fish",0
"The art class was so creative and fun",0
"I love watching birds in the backyard",0
"We made a kite and flew it high",0
"The community garden is growing fast",0
"I'm learning to play the guitar",0
"The picnic by the river was relaxing",0
"I love exploring new places with friends",0
"My teacher praised my science project",0
"We watched a funny movie last night",0
"I helped bake a cake for a party",0
"The forest trail was peaceful and quiet",0
"I love drawing pictures of my pets",0
"We had a great day at the beach",0
"I'm excited for the school talent show",0
"The library book club is so fun",0
"I helped my mom plant flowers",0
"The nature walk was full of surprises",0
"I love reading adventure stories",0
"My dog learned a new trick today",0
"We had a blast at the water park",0
"I'm learning about planets in school",0
"The community center has fun activities",0
"I love making crafts with my friends",0
"The sunset was so pretty tonight",0
"I helped my dad fix the bike",0
"The park is great for playing soccer",0
"I'm excited to visit the zoo again",0
"My teacher read us a funny story",0
"We had a great time at the fair",0
"I love building models with my brother",0
"The garden has fresh vegetables to pick",0
"I'm learning to code in class",0
"The lake is perfect for canoeing",0
"I helped my friend with a project",0
"The science museum was so cool",0
"I love watching the clouds go by",0
"We made a birdhouse for the yard",0
"The school play was a big success",0
"I'm excited to join the art club",0
"The park has a new walking trail",0
"I love reading mystery novels",0
"My cat loves playing with yarn",0
"We had fun at the family barbecue",0
"I learned about animals in class",0
"The beach is great for collecting shells",0
"I helped my mom bake brownies",0
"The forest has beautiful wildflowers",0
"I love playing chess with my dad",0
"The zoo has a new baby elephant",0
"My teacher gave us a fun project",0
"We had a great time ice skating",0
"I'm learning to draw cartoons",0
"The park is perfect for picnics",0
"I love watching nature documentaries",0
"My dog loves chasing butterflies",0
"We made a scrapbook of our trip",0
"I'm excited for the science fair",0
"The library has a new storytime",0
"I helped my neighbor rake leaves",0
"The sunset over the mountain was amazing",0
"I love building forts with blankets",0
"The community center has a new class",0
"I'm learning about history in school",0
"The park is great for flying kites",0
"I love reading about dinosaurs",0
"My cat loves napping in the sun",0
"We had a fun day at the lake",0
"I'm excited to join the choir",0
"The garden has colorful flowers",0
"I helped my friend build a model",0
"The science class was so interesting",0
"I love watching the sunrise",0
"We made a puzzle together",0
"The park has a new splash pad",0
"I'm learning to play soccer",0
"The library has fun summer programs",0
"I helped my dad plant a tree",0
"The beach is great for swimming",0
"I love drawing pictures of nature",0
"We had a blast at the carnival",0
"I'm excited for the school trip",0
"The park is perfect for biking",0
"I love reading fantasy books",0
"My dog loves running in the park",0
"We made cookies for the neighbors",0
"I'm learning about stars in class",0
"The community garden is thriving",0
"I helped my mom with gardening",0
"The sunset was absolutely stunning",0
"I love playing with my friends",0
"The zoo has a new penguin exhibit",0
"My teacher gave us a fun quiz",0
"We had a great time at the museum",0
"I'm excited to join the drama club",0
"The park has a new nature trail",0
"I love reading about space adventures",0
"My cat loves chasing laser pointers",0
"We had fun at the family reunion",0
"I'm learning about robots in school",0
"The beach is great for relaxing",0
"I helped my dad build a birdhouse",0
"The science fair was amazing",0
"I love watching the sunset with friends",0
"We made a fun craft project",0
"The park is great for jogging",0
"I'm excited for the art show",0
"The library has a new book section",0
"I helped my neighbor with chores",0
"The garden is full of butterflies",0
"I love playing board games at home",0
"The zoo has a new lion cub",0
"My teacher gave us a creative assignment",0
"We had a great time at the park",0
"I'm learning to play the piano",0
"The beach is perfect for sunbathing",0
"I love drawing animals in my sketchbook",0
"We made a fun science experiment",0
"The park has a new picnic area",0
"I'm excited for the school dance",0
"The library has a new reading club",0
"I helped my mom with baking",0
"The sunset was gorgeous tonight",0
"I love playing soccer with friends",0
"The zoo has a new giraffe",0
"My teacher read us an adventure story",0
"We had fun at the community fair",0
"I'm learning about coding games",0
"The park is great for stargazing",0
"I love reading about history",0
"My dog loves playing in the yard",0
"We made a fun art project",0
"I'm excited for the science camp",0
"The garden has new flower beds",0
"I helped my friend with homework",0
"The beach is great for walks",0
"I love watching nature shows",0
"The park has a new bike path",0
"I'm learning to draw landscapes",0
"The library has a fun story hour",0
"I helped my dad with gardening",0
"The sunset was beautiful today",0
"I love playing with my pets",0
"The zoo has a new tiger exhibit",0
"My teacher gave us a fun activity",0
"We had a great time at the zoo",0
"I'm excited for the school play",0
"The park is perfect for relaxing",0
"I love reading adventure novels",0
"My cat loves sleeping in the sun",0
"We made a fun family dinner",0
"I'm learning about animals in school",0
"The beach is great for picnics",0
"I helped my mom with cooking",0
"The garden is full of colors",0
"I love playing games with friends",0
"The zoo has a new monkey exhibit",0
"My teacher gave us a cool project",0
"We had fun at the school fair",0
"I'm learning to code apps",0
"The park is great for running",0
"I love reading about science",0
"My dog loves chasing balls",0
"We made a fun craft at school",0
"I'm excited for the art class",0
"The library has a new kids' section",0
"I helped my neighbor with gardening",0
"The sunset was stunning tonight",0
"I love playing at the park",0
"The zoo has a new bear exhibit",0
"My teacher gave us a fun task",0
"We had a great time at the beach",0
"I'm learning to play basketball",0
"The park is perfect for walks",0
"I love reading about planets",0
"My cat loves playing with toys",0
"We made a fun family project",0
"I'm excited for the science quiz",0
"The garden has new vegetables",0
"I helped my friend with a puzzle",0
"The beach is great for fun",0
"I love watching animal shows",0
"The park has a new swing set",0
"I'm learning to draw animals",0
"The library has a fun book club",0
"I helped my dad with chores",0
"The sunset was amazing today",0
"I love playing with my dog",0
"The zoo has a new bird exhibit",0
"My teacher gave us a great lesson",0
"We had fun at the family picnic",0
"I'm learning about nature in school",0
"The park is great for games",0
"I love reading about adventures",0
"My cat loves napping on the couch",0
"We made a fun science model",0
"I'm excited for the school event",0
"The garden is full of flowers",0
"I helped my mom with crafts",0
"The beach is perfect for playing",0
"I love watching the stars at night",0
"The park has a new slide",0
"I'm learning to play tennis",0
"The library has a new storytime",0
"I helped my neighbor with plants",0
"The sunset was beautiful tonight",0
"I love playing with my friends",0
"The zoo has a new reptile exhibit",0
"My teacher gave us a fun project",0
"We had a great time at the fair",0
"I'm learning about space in class",0
"The park is great for picnics",0
"I love reading about animals",0
"My dog loves running around",0
"We made a fun art project",0
"I'm excited for the school trip",0
"The garden has colorful blooms",0
"I helped my friend with art",0
"The beach is great for relaxing",0
"I love watching nature videos",0
"The park has a new trail",0
"I'm learning to draw cartoons",0
"The library has a fun club",0
"I helped my dad with the garden",0
"The sunset was gorgeous today",0
"I love playing at the playground",0
"The zoo has a new animal show",0
"My teacher gave us a cool task",0
"We had fun at the community event",0
"I'm learning about planets in school",0
"The park is great for biking",0
"I love reading about history",0
"My cat loves chasing strings",0
"We made a fun family craft",0
"I'm excited for the science fair",0
"The garden is full of life",0
"I helped my mom with baking",0
"The beach is perfect for fun",0
"I love watching animal documentaries",0
"The park has a new picnic spot",0
"I'm learning to play soccer",0
"The library has a new book club",0
"I helped my neighbor with chores",0
"The sunset was stunning today",0
"I love playing with my pets",0
"The zoo has a new elephant show",0
"My teacher gave us a fun quiz",0
"We had a great time at the park",0
"I'm learning about coding in class",0
"The park is great for running",0
"I love reading about science",0
"My dog loves playing fetch",0
"We made a fun science project",0
"I'm excited for the art show",0
"The library has a new kids' club",0
"I helped my dad with the yard",0
"The sunset was amazing tonight",0
"I love playing games at home",0
"The zoo has a new lion exhibit",0
"My teacher gave us a great project",0
"We had fun at the school event",0
"I'm learning about animals in class",0
"The park is great for relaxing",0
"I love reading adventure stories",0
"My cat loves sleeping in the sun",0
"We made a fun family dinner",0
"I'm excited for the science camp",0
"The garden has new flowers",0
"I helped my friend with a project",0
"The beach is great for walks",0
"I love watching nature shows",0
"The park has a new bike trail",0
"I'm learning to draw landscapes",0
"The library has a fun story hour",0
"I helped my mom with gardening",0
"The sunset was beautiful today",0
"I love playing with my dog",0
"The zoo has a new tiger show",0
"My teacher gave us a fun activity",0
"We had a great time at the zoo",0
"I'm learning to play the piano",0
"The park is perfect for picnics",0
"I love reading about dinosaurs",0
"My cat loves playing with toys",0
"We made a fun art project",0
"I'm excited for the school dance",0
"The garden is full of colors",0
"I helped my dad with chores",0
"The beach is great for swimming",0
"I love watching the sunrise",0
"The park has a new playground",0
"I'm learning to play basketball",0
"The library has a new reading club",0
"I helped my neighbor with plants",0
"The sunset was stunning tonight",0
"I love playing with my friends",0
"The zoo has a new monkey show",0
"My teacher gave us a cool lesson",0
"We had fun at the family fair",0
"I'm learning about space in school",0
"The park is great for games",0
"I love reading about adventures",0
"My dog loves chasing balls",0
"We made a fun science model",0
"I'm excited for the school event",0
"The garden has colorful flowers",0
"I helped my mom with crafts",0
"The beach is perfect for relaxing",0
"I love watching animal shows",0
"The park has a new swing set",0
"I'm learning to draw animals",0
"The library has a fun book club",0
"I helped my dad with gardening",0
"The sunset was gorgeous today",0
"I love playing at the park",0
"The zoo has a new bear show",0
"My teacher gave us a fun task",0
"We had a great time at the beach",0
"I'm learning about coding games",0
"The park is great for running",0
"I love reading about history",0
"My cat loves napping on the couch",0
"We made a fun family project",0
"I'm excited for the science quiz",0
"The garden is full of butterflies",0
"I helped my friend with homework",0
"The beach is great for picnics",0
"I love watching nature videos",0
"The park has a new trail",0
"I'm learning to play soccer",0
"The library has a new storytime",0
"I helped my neighbor with chores",0
"The sunset was amazing today",0
"I love playing with my pets",0
"The zoo has a new penguin exhibit",0
"My teacher gave us a great project",0
"We had fun at the community event",0
"I'm learning about animals in school",0
"The park is great for biking",0
"I love reading about planets",0
"My dog loves playing in the yard",0
"We made a fun art project",0
"I'm excited for the school trip",0
"The garden has new vegetables",0
"I helped my mom with baking",0
"The beach is perfect for fun",0
"I love watching animal documentaries",0
"The park has a new picnic area",0
"I'm learning to play tennis",0
"The library has a new kids' section",0
"I helped my dad with the garden",0
"The sunset was beautiful tonight",0
"I love playing with my dog",0
"The zoo has a new lion exhibit",0
"My teacher gave us a fun quiz",0
"We had a great time at the fair",0
"I'm learning about coding in class",0
"The park is great for relaxing",0
"I love reading adventure novels",0
"My cat loves chasing strings",0
"We made a fun family dinner",0
"I'm excited for the science camp",0
"The garden is full of flowers",0
"I helped my friend with a puzzle",0
"The beach is great for walks",0
"I love watching nature shows",0
"The park has a new bike path",0
"I'm learning to draw cartoons",0
"The library has a fun club",0
"I helped my mom with gardening",0
"The sunset was stunning today",0
"I love playing at the playground",0
"The zoo has a new elephant show",0
"My teacher gave us a cool task",0
"We had fun at the school fair",0
"I'm learning about space in school",0
"The park is great for picnics",0
"I love reading about dinosaurs",0
"My dog loves running around",0
"We made a fun science project",0
"I'm excited for the art show",0
"The library has a new book club",0
"I helped my neighbor with plants",0
"The beach is perfect for swimming",0
"I love watching the sunrise",0
"The park has a new playground",0
"I'm learning to play basketball",0
"The library has a new reading club",0
"I helped my dad with chores",0
"The sunset was gorgeous tonight",0
"I love playing with my friends",0
"The zoo has a new tiger show",0
"My teacher gave us a fun activity",0
"We had a great time at the zoo",0
"I'm learning to play the piano",0
"The park is great for games",0
"I love reading about animals",0
"My cat loves playing with toys",0
"We made a fun art project",0
"I'm excited for the school dance",0
"The garden is full of colors",0
"I helped my mom with crafts",0
"The beach is great for relaxing",0
"I love watching nature videos",0
"The park has a new swing set",0
"I'm learning to draw animals",0
"The library has a fun story hour",0
"I helped my dad with gardening",0
"The sunset was beautiful today",0
"I love playing with my pets",0
"The zoo has a new monkey show",0
"My teacher gave us a great lesson",0
"We had fun at the family fair",0
"I'm learning about planets in school",0
"The park is great for biking",0
"I love reading about adventures",0
"My dog loves chasing balls",0
"We made a fun science model",0
"I'm excited for the school event",0
"The garden has colorful flowers",0
"I helped my friend with homework",0
"The beach is perfect for fun",0
"I love watching animal shows",0
"The park has a new trail",0
"I'm learning to play soccer",0
"The library has a new book club",0
"I helped my neighbor with chores",0
"The sunset was stunning tonight",0
"I love playing with my dog",0
"The zoo has a new bear exhibit",0
"My teacher gave us a fun quiz",0
"We had a great time at the beach",0
"I'm learning about coding games",0
"The park is great for running",0
"I love reading about history",0
"My cat loves napping on the couch",0
"We made a fun family project",0
"I'm excited for the science quiz",0
"The garden is full of butterflies",0
"I helped my mom with baking",0
"The beach is great for picnics",0
"I love watching nature shows",0
"The park has a new bike path",0
"I'm learning to draw landscapes",0
"The library has a fun club",0
"I helped my dad with the garden",0
"The sunset was amazing today",0
"I love playing at the park",0
"The zoo has a new lion show",0
"My teacher gave us a cool project",0
"We had fun at the community event",0
"I'm learning about animals in school",0
"The park is great for relaxing",0
"I love reading about planets",0
"My dog loves playing in the yard",0
"We made a fun art project",0
"I'm excited for the school trip",0
"The garden has new vegetables",0
"I helped my friend with a project",0
"The beach is great for walks",0
"I love watching nature videos",0
"The park has a new picnic area",0
"I'm learning to play tennis",0
"The library has a new kids' section",0
"I helped my mom with gardening",0
"The sunset was beautiful tonight",0
"I love playing with my friends",0
"The zoo has a new penguin exhibit",0
"My teacher gave us a fun task",0
"We had a great time at the fair",0
"I'm learning about coding in class",0
"The park is great for games",0
"I love reading about dinosaurs",0
"My cat loves chasing strings",0
"We made a fun family dinner",0
"I'm excited for the science camp",0
"The garden is full of flowers",0
"I helped my dad with chores",0
"The beach is perfect for swimming",0
"I love watching the sunrise",0
"The park has a new playground",0
"I'm learning to play basketball",0
"The library has a new reading club",0
"I helped my neighbor with plants",0
"The sunset was stunning today",0
"I love playing with my pets",0
"The zoo has a new tiger exhibit",0
"My teacher gave us a great project",0
"We had fun at the school fair",0
"I'm learning about space in school",0
"The park is great for biking",0
"I love reading about adventures",0
"My dog loves running around",0
"We made a fun science project",0
"I'm excited for the art show",0
"The library has a new book club",0
"I helped my mom with baking",0
"The beach is great for relaxing",0
"I love watching animal shows",0
"The park has a new swing set",0
"I'm learning to draw animals",0
"The library has a fun story hour",0
"I helped my dad with gardening",0
"The sunset was gorgeous today",0
"I love playing at the playground",0
"The zoo has a new elephant show",0
"My teacher gave us a cool lesson",0
"We had a great time at the zoo",0
"I'm learning to play the piano",0
"The park is great for picnics",0
"I love reading about animals",0
"My cat loves playing with toys",0
"We made a fun art project",0
"I'm excited for the school dance",0
"The garden is full of colors",0
"I helped my friend with crafts",0
"The beach is perfect for fun",0
"I love watching nature videos",0
"The park has a new trail",0
"I'm learning to play soccer",0
"The library has a new book club",0
"I helped my neighbor with chores",0
"The sunset was stunning tonight",0
"I love playing with my dog",0
"The zoo has a new lion exhibit",0
"My teacher gave us a fun quiz",0
"We had a great time at the beach",0
"I'm learning about coding games",0
"The park is great for running",0
"I love reading about history",0
"My cat loves napping on the couch",0
"We made a fun family project",0
"I'm excited for the science quiz",0
"The garden is full of butterflies",0
"I helped my mom with baking",0
"The beach is great for picnics",0
"I love watching nature shows",0
"The park has a new bike path",0
"I'm learning to draw landscapes",0
"The library has a fun club",0
"I helped my dad with the garden",0
"The sunset was beautiful today",0
"I love playing with my pets",0
"The zoo has a new bear exhibit",0
"My teacher gave us a great task",0
"We had fun at the community fair",0
"I'm learning about animals in school",0
"The park is great for relaxing",0
"I love reading about planets",0
"My dog loves playing in the yard",0
"We made a fun science model",0
"I'm excited for the school event",0
"The garden has colorful flowers",0
"I helped my friend with homework",0
"The beach is perfect for walks",0
"I love watching nature documentaries",0
"The park has a new picnic spot",0
"I'm learning to play tennis",0
"The library has a new kids' section",0
"I helped my mom with gardening",0
"The sunset was stunning tonight",0
"I love playing with my friends",0
"The zoo has a new monkey exhibit",0
"My teacher gave us a fun project",0
"We had a great time at the zoo",0
"I'm learning to play the piano",0
"The park is great for games",0
"I love reading about dinosaurs",0
"My cat loves chasing strings",0
"We made a fun family dinner",0
"I'm excited for the science camp",0
"The garden is full of flowers",0
"I helped my dad with chores",0
"The beach is great for swimming",0
"I love watching the sunrise",0
"The park has a new playground",0
"I'm learning to play basketball",0
"The library has a new reading club",0
"I helped my neighbor with plants",0
"The sunset was gorgeous today",0
"I love playing with my dog",0
"The zoo has a new tiger show",0
"My teacher gave us a cool lesson",0
"We had fun at the family fair",0
"I'm learning about space in school",0
"The park is great for biking",0
"I love reading about adventures",0
"My dog loves running around",0
"We made a fun art project",0
"I'm excited for the school trip",0
"The garden has new vegetables",0
"I helped my mom with baking",0
"The beach is perfect for relaxing",0
"I love watching animal shows",0
"The park has a new swing set",0
"I'm learning to draw animals",0
"The library has a fun story hour",0
"I helped my dad with gardening",0
"The sunset was beautiful tonight",0
"I love playing at the park",0
"The zoo has a new lion exhibit",0
"My teacher gave us a fun quiz",0
"We had a great time at the beach",0
"I'm learning about coding in class",0
"The park is great for running",0
"I love reading about history",0
"My cat loves napping on the couch",0
"We made a fun family project",0
"I'm excited for the science quiz",0
"The garden is full of butterflies",0
"I helped my friend with a puzzle",0
"The beach is great for picnics",0
"I love watching nature videos",0
"The park has a new bike path",0
"I'm learning to play soccer",0
"The library has a new book club",0
"I helped my neighbor with chores",0
"The sunset was stunning today",0
"I love playing with my pets",0
"The zoo has a new penguin show",0
"My teacher gave us a great project",0
"We had fun at the community event",0
"I'm learning about animals in school",0
"The park is great for relaxing",0
"I love reading about planets",0
"My dog loves playing in the yard",0
"We made a fun science model",0
"I'm excited for the school event",0
"The garden has colorful flowers",0
"I helped my mom with crafts",0
"The beach is perfect for fun",0
"I love watching nature documentaries",0
"The park has a new trail",0
"I'm learning to draw landscapes",0
"The library has a fun club",0
"I helped my dad with the garden",0
"The sunset was amazing today",0
"I love playing with my friends",0
"The zoo has a new elephant exhibit",0
"My teacher gave us a cool task",0
"We had a great time at the zoo",0
"I'm learning to play the piano",0
"The park is great for picnics",0
"I love reading about animals",0
"My cat loves playing with toys",0
"We made a fun art project",0
"I'm excited for the school dance",0
"The garden is full of colors",0
"I helped my friend with homework",0
"The beach is great for walks",0
"I love watching nature shows",0
"The park has a new swing set",0
"I'm learning to play basketball",0
"The library has a new reading club",0
"I helped my neighbor with plants",0
"The sunset was stunning tonight",0
"I love playing with my dog",0
"The zoo has a new tiger exhibit",0
"My teacher gave us a fun activity",0
"We had a great time at the beach",0
"I'm learning about coding games",0
"The park is great for running",0
"I love reading about history",0
"My cat loves chasing strings",0
"We made a fun family dinner",0
"I'm excited for the science camp",0
"The garden is full of flowers",0
"I helped my dad with chores",0
"The beach is perfect for swimming",0
"I love watching the sunrise",0
"The park has a new playground",0
"I'm learning to play tennis",0
"The library has a new kids' section",0
"I helped my mom with gardening",0
"The sunset was gorgeous today",0
"I love playing with my pets",0
"The zoo has a new lion show",0
"My teacher gave us a great lesson",0
"We had fun at the family fair",0
"I'm learning about space in school",0
"The park is great for biking",0
"I love reading about adventures",0
"My dog loves running around",0
"We made a fun science project",0
"I'm excited for the school trip",0
"The garden has new vegetables",0
"I helped my friend with a project",0
"The beach is great for relaxing",0
"I love watching animal shows",0
"The park has a new picnic spot",0
"I'm learning to draw animals",0
"The library has a fun book club",0
"I helped my dad with gardening",0
"The sunset was beautiful tonight",0
"I love playing at the park",0
"The zoo has a new bear exhibit",0
"My teacher gave us a fun quiz",0
"We had a great time at the fair",0
"I'm learning about coding in class",0
"The park is great for games",0
"I love reading about dinosaurs",0
"My cat loves playing with toys",0
"We made a fun art project",0
"I'm excited for the school event",0
"The garden is full of colors",0
"I helped my mom with crafts",0
"The beach is perfect for fun",0
"I love watching nature videos",0
"The park has a new trail",0
"I'm learning to play soccer",0
"The library has a new storytime",0
"I helped my neighbor with chores",0
"The sunset was stunning today",0
"I love playing with my dog",0
"The zoo has a new penguin exhibit",0
"My teacher gave us a cool project",0
"We had fun at the community fair",0
"I'm learning about animals in school",0
"The park is great for relaxing",0
"I love reading about planets",0
"My dog loves chasing balls",0
"We made a fun science model",0
"I'm excited for the school dance",0
"The garden has colorful flowers",0
"I helped my friend with homework",0
"The beach is great for picnics",0
"I love watching nature shows",0
"The park has a new bike path",0
"I'm learning to draw landscapes",0
"The library has a fun club",0
"I helped my dad with the garden",0
"The sunset was amazing tonight",0
"I love playing with my friends",0
"The zoo has a new elephant show",0
"My teacher gave us a fun task",0
"We had a great time at the zoo",0
"I'm learning to play the piano",0
"The park is great for picnics",0
"I love reading about animals",0
"My cat loves playing with toys",0
"We made a fun family project",0
"I'm excited for the science camp",0
"The garden is full of flowers",0
"I helped my mom with baking",0
"The beach is perfect for swimming",0
"I love watching the sunrise",0
"The park has a new playground",0
"I'm learning to play basketball",0
"The library has a new reading club",0
"I helped my neighbor with plants",0
"The sunset was gorgeous today",0
"I love playing with my pets",0
"The zoo has a new lion exhibit",0
"My teacher gave us a great project",0
"We had fun at the school fair",0
"I'm learning about space in school",0
"The park is great for biking",0
"I love reading about adventures",0
"My dog loves running around",0
"We made a fun art project",0
"I'm excited for the school trip",0
"The garden has new vegetables",0
"I helped my friend with a puzzle",0
"The beach is great for walks",0
"I love watching nature documentaries",0
"The park has a new picnic spot",0
"I'm learning to play tennis",0
"The library has a new kids' section",0
"I helped my dad with gardening",0
"The sunset was stunning tonight",0
"I love playing with my dog",0
"The zoo has a new tiger show",0
"My teacher gave us a fun quiz",0
"We had a great time at the beach",0
"I'm learning about coding games",0
"The park is great for running",0
"I love reading about history",0
"My cat loves chasing strings",0
"We made a fun family dinner",0
"I'm excited for the science fair",0
"The garden is full of butterflies",0
"I helped my mom with crafts",0
"The beach is perfect for relaxing",0
"I love watching animal shows",0
"The park has a new swing set",0
"I'm learning to draw animals",0
"The library has a fun book club",0
"I helped my neighbor with chores",0
"The sunset was beautiful today",0
"I love playing at the park",0
"The zoo has a new bear exhibit",0
"My teacher gave us a cool lesson",0
"We had fun at the community event",0
"I'm learning about animals in school",0
"The park is great for games",0
"I love reading about planets",0
"My dog loves playing in the yard",0
"We made a fun science project",0
"I'm excited for the school event",0
"The garden has colorful flowers",0
"I helped my friend with homework",0
"The beach is great for picnics",0
"I love watching nature videos",0
"The park has a new bike path",0
"I'm learning to play soccer",0
"The library has a new storytime",0
"I helped my dad with gardening",0
"The sunset was stunning tonight",0
"I love playing with my pets",0
"The zoo has a new penguin exhibit",0
"My teacher gave us a fun task",0
"We had a great time at the zoo",0
"I'm learning to play the piano",0
"The park is great for relaxing",0
"I love reading about dinosaurs",0
"My cat loves playing with toys",0
"We made a fun art project",0
"I'm excited for the school dance",0
"The garden is full of colors",0
"I helped my mom with baking",0
"The beach is perfect for fun",0
"I love watching nature shows",0
"The park has a new trail",0
"I'm learning to draw landscapes",0
"The library has a fun club",0
"I helped my neighbor with plants",0
"The sunset was gorgeous today",0
"I love playing with my friends",0
"The zoo has a new lion show",0
"My teacher gave us a great project",0
"We had fun at the school fair",0
"I'm learning about space in school",0
"The park is great for biking",0
"I love reading about adventures",0
"My dog loves running around",0
"We made a fun science model",0
"I'm excited for the school trip",0
"The garden has new vegetables",0
"I helped my friend with a project",0
"The beach is great for walks",0
"I love watching nature documentaries",0
"The park has a new picnic spot",0
"I'm learning to play tennis",0
"The library has a new kids' section",0
"I helped my dad with gardening",0
"The sunset was beautiful tonight",0
"I love playing with my dog",0
"The zoo has a new tiger exhibit",0
"My teacher gave us a fun quiz",0
"We had a great time at the beach",0
"I'm learning about coding in class",0
"The park is great for running",0
"I love reading about history",0
"My cat loves napping on the couch",0
"We made a fun family project",0
"I'm excited for the science quiz",0
"The garden is full of butterflies",0
"I helped my mom with crafts",0
"The beach is perfect for relaxing",0
"I love watching animal shows",0
"The park has a new swing set",0
"I'm learning to draw animals",0
"The library has a fun book club",0
"I helped my neighbor with chores",0
"The sunset was stunning today",0
"I love playing at the park",0
"The zoo has a new bear show",0
"My teacher gave us a cool lesson",0
"We had fun at the community fair",0
"I'm learning about animals in school",0
"The park is great for games",0
"I love reading about planets",0
"My dog loves playing in the yard",0
"We made a fun science project",0
"I'm excited for the school event",0
"The garden has colorful flowers",0
"I helped my friend with homework",0
"The beach is great for picnics",0
"I love watching nature videos",0
"The park has a new bike path",0
"I'm learning to play soccer",0
"The library has a new storytime",0
"I helped my dad with gardening",0
"The sunset was gorgeous tonight",0
"I love playing with my pets",0
"The zoo has a new penguin exhibit",0
"My teacher gave us a fun task",0
"We had a great time at the zoo",0
"I'm learning to play the piano",0
"The park is great for relaxing",0
"I love reading about dinosaurs",0
"My cat loves playing with toys",0
"We made a fun art project",0
"I'm excited for the school dance",0
"The garden is full of colors",0
"I helped my mom with baking",0
"The beach is perfect for fun",0
"I love watching nature shows",0
"The park has a new trail",0
"I'm learning to draw landscapes",0
"The library has a fun club",0
"I helped my neighbor with plants",0
"The sunset was beautiful today",0
"I love playing with my friends",0
"The zoo has a new lion show",0
"My teacher gave us a great project",0
"We had fun at the school fair",0
"I'm learning about space in school",0
"The park is great for biking",0
"I love reading about adventures",0
"My dog loves running around",0
"We made a fun science model",0
"I'm excited for the school trip",0
"The garden has new vegetables",0
"I helped my friend with a puzzle",0
"The beach is great for walks",0
"I love watching nature documentaries",0
"The park has a new picnic spot",0
"I'm learning to play tennis",0
"The library has a new kids' section",0
"I helped my dad with gardening",0
"The sunset was stunning tonight",0
"I love playing with my dog",0
"The zoo has a new tiger exhibit",0
"My teacher gave us a fun quiz",0
"We had a great time at the beach",0
"I'm learning about coding games",0
"The park is great for running",0
"I love reading about history",0
"My cat loves chasing strings",0
"We made a fun family dinner",0
"I'm excited for the science camp",0
"The garden is full of flowers",0
"I helped my mom with crafts",0
"The beach is perfect for relaxing",0
"I love watching animal shows",0
"The park has a new swing set",0
"I'm learning to draw animals",0
"The library has a fun book club",0
"I helped my neighbor with chores",0
"The sunset was beautiful today",0
"I love playing at the park",0
"The zoo has a new bear exhibit",0
"My teacher gave us a cool lesson",0
"We had fun at the community fair",0
"I'm learning about animals in school",0
"The park is great for games",0
"I love reading about planets",0
"My dog loves playing in the yard",0
"We made a fun science project",0
"I'm excited for the school event",0
"The garden has colorful flowers",0
"I helped my friend with homework",0
"The beach is great for picnics",0
"I love watching nature videos",0
"The park has a new bike path",0
"I'm learning to play soccer",0
"The library has a new storytime",0
"I helped my dad with gardening",0
"The sunset was stunning tonight",0
"I love playing with my pets",0
"The zoo has a new penguin show",0
"My teacher gave us a fun task",0
"We had a great time at the zoo",0
"I'm learning to play the piano",0
"The park is great for relaxing",0
"I love reading about dinosaurs",0
"My cat loves playing with toys",0
"We made a fun art project",0
"I'm excited for the school dance",0
"The garden is full of colors",0
"I helped my mom with baking",0
"The beach is perfect for fun",0
"I love watching nature shows",0
"The park has a new trail",0
"I'm learning to draw landscapes",0
"The library has a fun club",0
"I helped my neighbor with plants",0
"The sunset was gorgeous today",0
"I love playing with my friends",0
"The zoo has a new lion exhibit",0
"My teacher gave us a great project",0
"We had fun at the school fair",0
"I'm learning about space in school",0
"The park is great for biking",0
"I love reading about adventures",0
"My dog loves running around",0
"We made a fun science model",0
"I'm excited for the school trip",0
"The garden has new vegetables",0
"I helped my friend with a project",0
"The beach is great for walks",0
"I love watching nature documentaries",0
"The park has a new picnic spot",0
"I'm learning to play tennis",0
"The library has a new kids' section",0
"I helped my dad with gardening",0
"The sunset was beautiful tonight",0
"I love playing with my dog",0
"The zoo has a new tiger show",0
"My teacher gave us a fun quiz",0
"We had a great time at the beach",0
"I'm learning about coding in class",0
"The park is great for running",0
"I love reading about history",0
"My cat loves napping on the couch",0
"We made a fun family project",0
"I'm excited for the science quiz",0
"The garden is full of butterflies",0
"I helped my mom with crafts",0
"The beach is perfect for relaxing",0
"I love watching animal shows",0
"The park has a new swing set",0
"I'm learning to draw animals",0
"The library has a fun book club",0
"I helped my neighbor with chores",0
"The sunset was stunning today",0
"I love playing at the park",0
"The zoo has a new bear exhibit",0
"My teacher gave us a cool lesson",0
"We had fun at the community fair",0
"I'm learning about animals in school",0
"The park is great for games",0
"I love reading about planets",0
"My dog loves playing in the yard",0
"We made a fun science project",0
"I'm excited for the school event",0
"The garden has colorful flowers",0
"I helped my friend with homework",0
"The beach is great for picnics",0
"I love watching nature videos",0
"The park has a new bike path",0
"I'm learning to play soccer",0
"The library has a new storytime",0
"I helped my dad with gardening",0
"The sunset was gorgeous tonight",0
"I love playing with my pets",0
"The zoo has a new penguin exhibit",0
"My teacher gave us a fun task",0
"We had a great time at the zoo",0
"I'm learning to play the piano",0
"The park is great for relaxing",0
"I love reading about dinosaurs",0
"My cat loves playing with toys",0
"We made a fun art project",0
"I'm excited for the school dance",0
"The garden is full of colors",0
"I helped my mom with baking",0
"The beach is perfect for fun",0
"I love watching nature shows",0
"The park has a new trail",0
"I'm learning to draw landscapes",0
"The library has a fun club",0
"I helped my neighbor with plants",0
"The sunset was beautiful today",0
"I love playing with my friends",0
"The zoo has a new lion show",0
"My teacher gave us a great project",0
"We had fun at the school fair",0
"I'm learning about space in school",0
"The park is great for biking",0
"I love reading about adventures",0
"My dog loves running around",0
"We made a fun science model",0
"I'm excited for the school trip",0
"The garden has new vegetables",0
"I helped my friend with a puzzle",0
"The beach is great for walks",0
"I love watching nature documentaries",0
"The park has a new picnic spot",0
"I'm learning to play tennis",0
"The library has a new kids' section",0
"I helped my dad with gardening",0
"The sunset was stunning tonight",0
"I love playing with my dog",0
"The zoo has a new tiger exhibit",0
"My teacher gave us a fun quiz",0
"We had a great time at the beach",0
"I'm learning about coding games",0
"The park is great for running",0
"I love reading about history",0
"My cat loves chasing strings",0
"We made a fun family dinner",0
"I'm excited for the science camp",0
"The garden is full of flowers",0
"I helped my mom with crafts",0
"The beach is perfect for relaxing",0
"I love watching animal shows",0
"The park has a new swing set",0
"I'm learning to draw animals",0
"The library has a fun book club",0
"I helped my neighbor with chores",0
"The sunset was beautiful today",0
"I love playing at the park",0
"The zoo has a new bear exhibit",0
"My teacher gave us a cool lesson",0
"We had fun at the community fair",0
"I'm learning about animals in school",0
"The park is great for games",0
"I love reading about planets",0
"My dog loves playing in the yard",0
"We made a fun science project",0
"I'm excited for the school event",0
"The garden has colorful flowers",0
"I helped my friend with homework",0
"The beach is great for picnics",0
"I love watching nature videos",0
"The park has a new bike path",0
"I'm learning to play soccer",0
"The library has a new storytime",0
"I helped my dad with gardening",0
"The sunset was stunning tonight",0
"I love playing with my pets",0
"The zoo has a new penguin show",0
"My teacher gave us a fun task",0
"We had a great time at the zoo",0
"I'm learning to play the piano",0
"The park is great for relaxing",0
"I love reading about dinosaurs",0
"My cat loves playing with toys",0
"We made a fun art project",0
"I'm excited for the school dance",0
"The garden is full of colors",0
"I helped my mom with baking",0
"The beach is perfect for fun",0
"I love watching nature shows",0
"The park has a new trail",0
"I'm learning to draw landscapes",0
"The library has a fun club",0
"I helped my neighbor with plants",0
"The sunset was gorgeous today",0
"I love playing with my friends",0
"The zoo has a new lion exhibit",0
"My teacher gave us a great project",0
"We had fun at the school fair",0
"I'm learning about space in school",0
"The park is great for biking",0
"I love reading about adventures",0
"My dog loves running around",0
"We made a fun science model",0
"I'm excited for the school trip",0
"The garden has new vegetables",0
"I helped my friend with a project",0
"The beach is great for walks",0
"I love watching nature documentaries",0
"The park has a new picnic spot",0
"I'm learning to play tennis",0
"The library has a new kids' section",0
"I helped my dad with gardening",0
"The sunset was beautiful tonight",0
"I love playing with my dog",0
"The zoo has a new tiger show",0
"My teacher gave us a fun quiz",0
"We had a great time at the beach",0
"I'm learning about coding in class",0
"The park is great for running",0
"I love reading about history",0
"My cat loves napping on the couch",0
"We made a fun family project",0
"I'm excited for the science quiz",0
"The garden is full of butterflies",0
"I helped my mom with crafts",0
"The beach is perfect for relaxing",0
"I love watching animal shows",0
"The park has a new swing set",0
"I'm learning to draw animals",0
"The library has a fun book club",0
"I helped my neighbor with chores",0
"The sunset was stunning today",0
"I love playing at the park",0
"The zoo has a new bear exhibit",0
"My teacher gave us a cool lesson",0
"We had fun at the community fair",0
"I'm learning about animals in school",0
"The park is great for games",0
"I love reading about planets",0
"My dog loves playing in the yard",0
"We made a fun science project",0
"I'm excited for the school event",0
"The garden has colorful flowers",0
"I helped my friend with homework",0
"The beach is great for picnics",0
"I love watching nature videos",0
"The park has a new bike path",0
"I'm learning to play soccer",0
"The library has a new storytime",0
"I helped my dad with gardening",0
"The sunset was gorgeous tonight",0
"I love playing with my pets",0
"The zoo has a new penguin exhibit",0
"My teacher gave us a fun task",0
"We had a great time at the zoo",0
"I'm learning to play the piano",0
"The park is great for relaxing",0
"I love reading about dinosaurs",0
"My cat loves playing with toys",0
"We made a fun art project",0
"I'm excited for the school dance",0
"The garden is full of colors",0
"I helped my mom with baking",0
"The beach is perfect for fun",0
"I love watching nature shows",0
"The park has a new trail",0
"I'm learning to draw landscapes",0
"The library has a fun club",0
"I helped my neighbor with plants",0
"The sunset was beautiful today",0
"I love playing with my friends",0
"The zoo has a new lion show",0
"My teacher gave us a great project",0
"We had fun at the school fair",0
"I'm learning about space in school",0
"The park is great for biking",0
"I love reading about adventures",0
"My dog loves running around",0
"We made a fun science model",0
"I'm excited for the school trip",0
"The garden has new vegetables",0
"I helped my friend with a puzzle",0
"The beach is great for walks",0
"I love watching nature documentaries",0
"The park has a new picnic spot",0
"I'm learning to play tennis",0
"The library has a new kids' section",0
"I helped my dad with gardening",0
"The sunset was stunning tonight",0
"I love playing with my dog",0
"The zoo has a new tiger exhibit",0
"My teacher gave us a fun quiz",0
"We had a great time at the beach",0
"I'm learning about coding games",0
"The park is great for running",0
"I love reading about history",0
"My cat loves chasing strings",0
"We made a fun family dinner",0
"I'm excited for the science camp",0
"The garden is full of flowers",0
"I helped my mom with crafts",0
"The beach is perfect for relaxing",0
"I love watching animal shows",0
"The park has a new swing set",0
"I'm learning to draw animals",0
"The library has a fun book club",0
"I helped my neighbor with chores",0
"The sunset was beautiful today",0
"I love playing at the park",0
"The zoo has a new bear exhibit",0
"My teacher gave us a cool lesson",0
"We had fun at the community fair",0
"I'm learning about animals in school",0
"The park is great for games",0
"I love reading about planets",0
"My dog loves playing in the yard",0
"We made a fun science project",0
"I'm excited for the school event",0
"The garden has colorful flowers",0
"I helped my friend with homework",0
"The beach is great for picnics",0
"I love watching nature videos",0
"The park has a new bike path",0
"I'm learning to play soccer",0
"The library has a new storytime",0
"I helped my dad with gardening",0
"The sunset was stunning tonight",0
"I love playing with my pets",0
"The zoo has a new penguin show",0
"My teacher gave us a fun task",0
"We had a great time at the zoo",0
"I'm learning to play the piano",0
"The park is great for relaxing",0
"I love reading about dinosaurs",0
"My cat loves playing with toys",0
"We made a fun art project",0
"I'm excited for the school dance",0
"The garden is full of colors",0
"I helped my mom with baking",0
"The beach is perfect for fun",0
"I love watching nature shows",0
"The park has a new trail",0
"I'm learning to draw landscapes",0
"The library has a fun club",0
"I helped my neighbor with plants",0
"The sunset was gorgeous today",0
"I love playing with my friends",0
"The zoo has a new lion exhibit",0
"My teacher gave us a great project",0
"We had fun at the school fair",0
"I'm learning about space in school",0
"The park is great for biking",0
"I love reading about adventures",0
"My dog loves running around",0
"We made a fun science model",0
"I'm excited for the school trip",0
"The garden has new vegetables",0
"I helped my friend with a project",0
"The beach is great for walks",0
"I love watching nature documentaries",0
"The park has a new picnic spot",0
"I'm learning to play tennis",0
"The library has a new kids' section",0
"I helped my dad with gardening",0
"The sunset was beautiful tonight",0
"I love playing with my dog",0
"The zoo has a new tiger show",0
"My teacher gave us a fun quiz",0
"We had a great time at the beach",0
"I'm learning about coding in class",0
"The park is great for running",0
"I love reading about history",0
"My cat loves napping on the couch",0
"We made a fun family project",0
"I'm excited for the science quiz",0
"The garden is full of butterflies",0
"I helped my mom with crafts",0
"The beach is perfect for relaxing",0
"I love watching animal shows",0
"The park has a new swing set",0
"I'm learning to draw animals",0
"The library has a fun book club",0
"I helped my neighbor with chores",0
"The sunset was stunning today",0
"I love playing at the park",0
"The zoo has a new bear exhibit",0
"My teacher gave us a cool lesson",0
"We had fun at the community fair",0
"I'm learning about animals in school",0
"The park is great for games",0
"I love reading about planets",0
"My dog loves playing in the yard",0
"We made a fun science project",0
"I'm excited for the school event",0
"The garden has colorful flowers",0
"I helped my friend with homework",0
"The beach is great for picnics",0
"I love watching nature videos",0
"The park has a new bike path",0
"I'm learning to play soccer",0
"The library has a new storytime",0
"I helped my dad with gardening",0
"The sunset was gorgeous tonight",0
"I love playing with my pets",0
"The zoo has a new penguin exhibit",0
"My teacher gave us a fun task",0
"We had a great time at the zoo",0
"I'm learning to play the piano",0
"The park is great for relaxing",0
"I love reading about dinosaurs",0
"My cat loves playing with toys",0
"We made a fun art project",0
"I'm excited for the school dance",0
"The garden is full of colors",0
"I helped my mom with baking",0
"The beach is perfect for fun",0
"I love watching nature shows",0
"The park has a new trail",0
"I'm learning to draw landscapes",0
"The library has a fun club",0
"I helped my neighbor with plants",0
"The sunset was beautiful today",0
"I love playing with my friends",0
"The zoo has a new lion show",0
"My teacher gave us a great project",0
"We had fun at the school fair",0
"I'm learning about space in school",0
"The park is great for biking",0
"I love reading about adventures",0
"My dog loves running around",0
"We made a fun science model",0
"I'm excited for the school trip",0
"The garden has new vegetables",0
"I helped my friend with a puzzle",0
"The beach is great for walks",0
"I love watching nature documentaries",0
"The park has a new picnic spot",0
"I'm learning to play tennis",0
"The library has a new kids' section",0
"I helped my dad with gardening",0
"The sunset was stunning tonight",0
"I love playing with my dog",0
"The zoo has a new tiger exhibit",0
"My teacher gave us a fun quiz",0
"We had a great time at the beach",0
"I'm learning about coding in class",0
"The park is great for running",0
"I love reading about history",0
"My cat loves napping on the couch",0
"We made a fun family project",0
"I'm excited for the science quiz",0
"The garden is full of butterflies",0
"I helped my mom with crafts",0
"The beach is perfect for relaxing",0
"I love watching animal shows",0
"The park has a new swing set",0
"I'm learning to draw animals",0
"The library has a fun book club",0
"I helped my neighbor with chores",0
"The sunset was beautiful today",0
"I love playing at the park",0
"The zoo has a new bear exhibit",0
"My teacher gave us a cool lesson",0
"We had fun at the community fair",0
"I'm learning about animals in school",0
"The park is great for games",0
"I love reading about planets",0
"My dog loves playing in the yard",0
"We made a fun science project",0
"I'm excited for the school event",0
"The garden has colorful flowers",0
"I helped my friend with homework",0
"The beach is great for picnics",0
"I love watching nature videos",0
"The park has a new bike path",0
"I'm learning to play soccer",0
"The library has a new storytime",0
"I helped my dad with gardening",0
"The sunset was stunning tonight",0
"I love playing with my pets",0
"The zoo has a new penguin show",0
"My teacher gave us a fun task",0
"We had a great time at the zoo",0
"I'm learning to play the piano",0
"The park is great for relaxing",0
"I love reading about dinosaurs",0
"My cat loves playing with toys",0
"We made a fun art project",0
"I'm excited for the school dance",0
"The garden is full of colors",0
"I helped my mom with baking",0
"The beach is perfect for fun",0
"I love watching nature shows",0
"The park has a new trail",0
"I'm learning to draw landscapes",0
"The library has a fun club",0
"I helped my neighbor with plants",0
"The sunset was gorgeous today",0
"I love playing with my friends",0
"The zoo has a new lion exhibit",0
"My teacher gave us a great project",0
"We had fun at the school fair",0
"I'm learning about space in school",0
"The park is great for biking",0
"I love reading about adventures",0
"My dog loves running around",0
"We made a fun science model",0
"I'm excited for the school trip",0
"The garden has new vegetables",0
"I helped my friend with a project",0
"The beach is great for walks",0
"I love watching nature documentaries",0
"The park has a new picnic spot",0
"I'm learning to play tennis",0
"The library has a new kids' section",0
"I helped my dad with gardening",0
"The sunset was beautiful tonight",0
"I love playing with my dog",0
"The zoo has a new tiger show",0
"My teacher gave us a fun quiz",0
"We had a great time at the beach",0
"I'm learning about coding in class",0
"The park is great for running",0
"I love reading about history",0
"My cat loves napping on the couch",0
"We made a fun family project",0
"I'm excited for the science quiz",0
"The garden is full of butterflies",0
"I helped my mom with crafts",0
"The beach is perfect for relaxing",0
"I love watching animal shows",0
"The park has a new swing set",0
"I'm learning to draw animals",0
"The library has a fun book club",0
"I helped my neighbor with chores",0
"The sunset was stunning today",0
"I love playing at the park",0
"The zoo has a new bear exhibit",0
"My teacher gave us a cool lesson",0
"We had fun at the community fair",0
"I'm learning about animals in school",0
"The park is great for games",0
"I love reading about planets",0
"My dog loves playing in the yard",0
"We made a fun science project",0
"I'm excited for the school event",0
"The garden has colorful flowers",0
"I helped my friend with homework",0
"The beach is great for picnics",0
"I love watching nature videos",0
"The park has a new bike path",0
"I'm learning to play soccer",0
"The library has a new storytime",0
"I helped my dad with gardening",0
"The sunset was gorgeous tonight",0
"I love playing with my pets",0
"The zoo has a new penguin exhibit",0
"My teacher gave us a fun task",0
"We had a great time at the zoo",0
"I'm learning to play the piano",0
"The park is great for relaxing",0
"I love reading about dinosaurs",0
"My cat loves playing with toys",0
"We made a fun art project",0
"I'm excited for the school dance",0
"The garden is full of colors",0
"I helped my mom with baking",0
"The beach is perfect for fun",0
"I love watching nature shows",0
"The park has a new trail",0
"I'm learning to draw landscapes",0
"The library has a fun club",0
"I helped my neighbor with plants",0
"The sunset was beautiful today",0
"I love playing with my friends",0
"The zoo has a new lion show",0
"My teacher gave us a great project",0
"We had fun at the school fair",0
"I'm learning about space in school",0
"The park is great for biking",0
"I love reading about adventures",0
"My dog loves running around",0
"We made a fun science model",0
"I'm excited for the school trip",0
"The garden has new vegetables",0
"I helped my friend with a puzzle",0
"The beach is great for walks",0
"I love watching nature documentaries",0
"The park has a new picnic spot",0
"I'm learning to play tennis",0
"The library has a new kids' section",0
"I helped my dad with gardening",0
"The sunset was stunning tonight",0
"I love playing with my dog",0
"The zoo has a new tiger exhibit",0
"My teacher gave us a fun quiz",0
"We had a great time at the beach",0
"I'm learning about coding in class",0
"The park is great for running",0
"I love reading about history",0
"My cat loves napping on the couch",0
"We made a fun family project",0
"I'm excited for the science quiz",0
"The garden is full of butterflies",0
"I helped my mom with crafts",0
"The beach is perfect for relaxing",0
"I love watching animal shows",0
"The park has a new swing set",0
"I'm learning to draw animals",0
"The library has a fun book club",0
"I helped my neighbor with chores",0
"The sunset was beautiful today",0
"I love playing at the park",0
"The zoo has a new bear exhibit",0
"My teacher gave us a cool lesson",0
"We had fun at the community fair",0
"I'm learning about animals in school",0
"The park is great for games",0
"I love reading about planets",0
"My dog loves playing in the yard",0
"We made a fun science project",0
"I'm excited for the school event",0
"The garden has colorful flowers",0
"I helped my friend with homework",0
"The beach is great for picnics",0
"I love watching nature videos",0
"The park has a new bike path",0
"I'm learning to play soccer",0
"The library has a new storytime",0
"I helped my dad with gardening",0
"The sunset was stunning tonight",0
"I love playing with my pets",0
"The zoo has a new penguin show",0
"My teacher gave us a fun task",0
"We had a great time at the zoo",0
"I'm learning to play the piano", 1
"2 girls 1 cup", 1
"2g1c", 1
"4r5e", 1
"5h1t", 1
"5hit", 1
"God", 1
"a55", 1
"a_s_s", 1
"acrotomophilia", 1
"alabama hot pocket", 1
"alaskan pipeline", 1
"anal", 1
"anilingus", 1
"anus", 1
"apeshit", 1
"ar5e", 1
"arrse", 1
"arse", 1
"arsehole", 1
"ass", 1
"ass-fucker", 1
"asses", 1
"assfucker", 1
"assfukka", 1
"asshole", 1
"assholes", 1
"assmunch", 1
"asswhole", 1
"auto erotic", 1
"autoerotic", 1
"b!tch", 1
"b00bs", 1
"b17ch", 1
"b1tch", 1
"babeland", 1
"baby batter", 1
"baby juice", 1
"ball gag", 1
"ball gravy", 1
"ball kicking", 1
"ball licking", 1
"ball sack", 1
"ball sucking", 1
"ballbag", 1
"balls", 1
"ballsack", 1
"bangbros", 1
"bangbus", 1
"bareback", 1
"barely legal", 1
"barenaked", 1
"bastard", 1
"bastardo", 1
"bastinado", 1
"bbw", 1
"bdsm", 1
"beaner", 1
"beaners", 1
"beastial", 1
"beastiality", 1
"beaver cleaver", 1
"beaver lips", 1
"bellend", 1
"bestial", 1
"bestiality", 1
"bi+ch", 1
"biatch", 1
"big black", 1
"big breasts", 1
"big knockers", 1
"big tits", 1
"bimbos", 1
"birdlock", 1
"bitch", 1
"bitcher", 1
"bitchers", 1
"bitches", 1
"bitchin", 1
"bitching", 1
"black cock", 1
"blonde action", 1
"blonde on blonde action", 1
"bloody", 1
"blow job", 1
"blow your load", 1
"blowjob", 1
"blowjobs", 1
"blue waffle", 1
"blumpkin", 1
"boiolas", 1
"bollock", 1
"bollocks", 1
"bollok", 1
"bondage", 1
"boner", 1
"boob", 1
"boobs", 1
"booobs", 1
"boooobs", 1
"booooobs", 1
"booooooobs", 1
"booty call", 1
"breasts", 1
"brown showers", 1
"brunette action", 1
"buceta", 1
"bugger", 1
"bukkake", 1
"bulldyke", 1
"bullet vibe", 1
"bullshit", 1
"bum", 1
"bung hole", 1
"bunghole", 1
"bunny fucker", 1
"busty", 1
"butt", 1
"buttcheeks", 1
"butthole", 1
"buttmuch", 1
"buttplug", 1
"c0ck", 1
"c0cksucker", 1
"camel toe", 1
"camgirl", 1
"camslut", 1
"camwhore", 1
"carpet muncher", 1
"carpetmuncher", 1
"cawk", 1
"chink", 1
"chocolate rosebuds", 1
"cialis", 1
"cipa", 1
"circlejerk", 1
"cl1t", 1
"cleveland steamer", 1
"clit", 1
"clitoris", 1
"clits", 1
"clover clamps", 1
"clusterfuck", 1
"cnut", 1
"cock", 1
"cock-sucker", 1
"cockface", 1
"cockhead", 1
"cockmunch", 1
"cockmuncher", 1
"cocks", 1
"cocksuck", 1
"cocksucked", 1
"cocksucker", 1
"cocksucking", 1
"cocksucks", 1
"cocksuka", 1
"cocksukka", 1
"cok", 1
"cokmuncher", 1
"coksucka", 1
"coon", 1
"coons", 1
"coprolagnia", 1
"coprophilia", 1
"cornhole", 1
"cox", 1
"crap", 1
"creampie", 1
"cum", 1
"cummer", 1
"cumming", 1
"cums", 1
"cumshot", 1
"cumshots", 1
"cunilingus", 1
"cunillingus", 1
"cunnilingus", 1
"cunt", 1
"cuntlick", 1
"cuntlicker", 1
"cuntlicking", 1
"cunts", 1
"cyalis", 1
"cyberfuc", 1
"cyberfuck", 1
"cyberfucked", 1
"cyberfucker", 1
"cyberfuckers", 1
"cyberfucking", 1
"d1ck", 1
"damn", 1
"darkie", 1
"date rape", 1
"daterape", 1
"deep throat", 1
"deepthroat", 1
"dendrophilia", 1
"dick", 1
"dickhead", 1
"dildo", 1
"dildos", 1
"dingleberries", 1
"dingleberry", 1
"dink", 1
"dinks", 1
"dirsa", 1
"dirty pillows", 1
"dirty sanchez", 1
"dlck", 1
"dog style", 1
"dog-fucker", 1
"doggie style", 1
"doggiestyle", 1
"doggin", 1
"dogging", 1
"doggy style", 1
"doggystyle", 1
"dolcett", 1
"domination", 1
"dominatrix", 1
"dommes", 1
"donkey punch", 1
"donkeyribber", 1
"doosh", 1
"double dong", 1
"double penetration", 1
"dp action", 1
"dry hump", 1
"duche", 1
"dvda", 1
"dyke", 1
"eat my ass", 1
"ecchi", 1
"ejaculate", 1
"ejaculated", 1
"ejaculates", 1
"ejaculating", 1
"ejaculatings", 1
"ejaculation", 1
"ejakulate", 1
"erotic", 1
"erotism", 1
"escort", 1
"eunuch", 1
"f u c k", 1
"f u c k e r", 1
"f4nny", 1
"f_u_c_k", 1
"fag", 1
"fagging", 1
"faggitt", 1
"faggot", 1
"faggs", 1
"fagot", 1
"fagots", 1
"fags", 1
"fanny", 1
"fannyflaps", 1
"fannyfucker", 1
"fanyy", 1
"fatass", 1
"fcuk", 1
"fcuker", 1
"fcuking", 1
"fecal", 1
"feck", 1
"fecker", 1
"felch", 1
"felching", 1
"fellate", 1
"fellatio", 1
"feltch", 1
"female squirting", 1
"femdom", 1
"figging", 1
"fingerbang", 1
"fingerfuck", 1
"fingerfucked", 1
"fingerfucker", 1
"fingerfuckers", 1
"fingerfucking", 1
"fingerfucks", 1
"fingering", 1
"fistfuck", 1
"fistfucked", 1
"fistfucker", 1
"fistfuckers", 1
"fistfucking", 1
"fistfuckings", 1
"fistfucks", 1
"fisting", 1
"flange", 1
"fook", 1
"fooker", 1
"foot fetish", 1
"footjob", 1
"frotting", 1
"fuck", 1
"fuck buttons", 1
"fucka", 1
"fucked", 1
"fucker", 1
"fuckers", 1
"fuckhead", 1
"fuckheads", 1
"fuckin", 1
"fucking", 1
"fuckings", 1
"fuckingshitmotherfucker", 1
"fuckme", 1
"fucks", 1
"fucktards", 1
"fuckwhit", 1
"fuckwit", 1
"fudge packer", 1
"fudgepacker", 1
"fuk", 1
"fuker", 1
"fukker", 1
"fukkin", 1
"fuks", 1
"fukwhit", 1
"fukwit", 1
"futanari", 1
"fux", 1
"fux0r", 1
"g-spot", 1
"gang bang", 1
"gangbang", 1
"gangbanged", 1
"gangbangs", 1
"gay sex", 1
"gaylord", 1
"gaysex", 1
"genitals", 1
"giant cock", 1
"girl on", 1
"girl on top", 1
"girls gone wild", 1
"goatcx", 1
"goatse", 1
"god damn", 1
"god-dam", 1
"god-damned", 1
"goddamn", 1
"goddamned", 1
"gokkun", 1
"golden shower", 1
"goo girl", 1
"goodpoop", 1
"goregasm", 1
"grope", 1
"group sex", 1
"guro", 1
"hand job", 1
"handjob", 1
"hard core", 1
"hardcore", 1
"hardcoresex", 1
"hell", 1
"hentai", 1
"heshe", 1
"hoar", 1
"hoare", 1
"hoer", 1
"homo", 1
"homoerotic", 1
"honkey", 1
"hooker", 1
"hore", 1
"horniest", 1
"horny", 1
"hot carl", 1
"hot chick", 1
"hotsex", 1
"how to kill", 1
"how to murder", 1
"huge fat", 1
"humping", 1
"incest", 1
"intercourse", 1
"jack off", 1
"jack-off", 1
"jackoff", 1
"jail bait", 1
"jailbait", 1
"jap", 1
"jelly donut", 1
"jerk off", 1
"jerk-off", 1
"jigaboo", 1
"jiggaboo", 1
"jiggerboo", 1
"jism", 1
"jiz", 1
"jizm", 1
"jizz", 1
"juggs", 1
"kawk", 1
"kike", 1
"kinbaku", 1
"kinkster", 1
"kinky", 1
"knob", 1
"knobbing", 1
"knobead", 1
"knobed", 1
"knobend", 1
"knobhead", 1
"knobjocky", 1
"knobjokey", 1
"kock", 1
"kondum", 1
"kondums", 1
"kum", 1
"kummer", 1
"kumming", 1
"kums", 1
"kunilingus", 1
"l3i+ch", 1
"l3itch", 1
"labia", 1
"leather restraint", 1
"leather straight jacket", 1
"lemon party", 1
"livesex", 1
"lmfao", 1
"lolita", 1
"lovemaking", 1
"lust", 1
"lusting", 1
"m0f0", 1
"m0fo", 1
"m45terbate", 1
"ma5terb8", 1
"ma5terbate", 1
"make me come", 1
"male squirting", 1
"masochist", 1
"master-bate", 1
"masterb8", 1
"masterbat*", 1
"masterbat3", 1
"masterbate", 1
"masterbation", 1
"masterbations", 1
"masturbate", 1
"masturbating", 1
"masturbation", 1
"menage a trois", 1
"milf", 1
"missionary position", 1
"mo-fo", 1
"mof0", 1
"mofo", 1
"mong", 1
"mothafuck", 1
"mothafucka", 1
"mothafuckas", 1
"mothafuckaz", 1
"mothafucked", 1
"mothafucker", 1
"mothafuckers", 1
"mothafuckin", 1
"mothafucking", 1
"mothafuckings", 1
"mothafucks", 1
"mother fucker", 1
"motherfuck", 1
"motherfucked", 1
"motherfucker", 1
"motherfuckers", 1
"motherfuckin", 1
"motherfucking", 1
"motherfuckings", 1
"motherfuckka", 1
"motherfucks", 1
"mound of venus", 1
"mr hands", 1
"muff", 1
"muff diver", 1
"muffdiving", 1
"mutha", 1
"muthafecker", 1
"muthafuckker", 1
"muther", 1
"mutherfucker", 1
"n1gga", 1
"n1gger", 1
"nambla", 1
"nawashi", 1
"nazi", 1
"negro", 1
"neonazi", 1
"nig nog", 1
"nigg3r", 1
"nigg4h", 1
"nigga", 1
"niggah", 1
"niggas", 1
"niggaz", 1
"nigger", 1
"niggers", 1
"nimphomania", 1
"nipple", 1
"nipples", 1
"nob", 1
"nob jokey", 1
"nobhead", 1
"nobjocky", 1
"nobjokey", 1
"nsfw", 1
"nsfw images", 1
"nude", 1
"nudity", 1
"numbnuts", 1
"nutsack", 1
"nutten", 1
"nympho", 1
"nymphomania", 1
"octopussy", 1
"omorashi", 1
"one cup two girls", 1
"one guy one jar", 1
"orgasim", 1
"orgasims", 1
"orgasm", 1
"orgasms", 1
"orgy", 1
"p0rn", 1
"paedophile", 1
"paki", 1
"panties", 1
"panty", 1
"pawn", 1
"pecker", 1
"pedobear", 1
"pedophile", 1
"pegging", 1
"penis", 1
"penisfucker", 1
"phone sex", 1
"phonesex", 1
"phuck", 1
"phuk", 1
"phuked", 1
"phuking", 1
"phukked", 1
"phukking", 1
"phuks", 1
"phuq", 1
"piece of shit", 1
"pigfucker", 1
"pikey", 1
"pimpis", 1
"piss", 1
"piss pig", 1
"pissed", 1
"pisser", 1
"pissers", 1
"pisses", 1
"pissflaps", 1
"pissin", 1
"pissing", 1
"pissoff", 1
"pisspig", 1
"playboy", 1
"pleasure chest", 1
"pole smoker", 1
"ponyplay", 1
"poof", 1
"poon", 1
"poontang", 1
"poop", 1
"poop chute", 1
"poopchute", 1
"porn", 1
"porno", 1
"pornography", 1
"pornos", 1
"prick", 1
"pricks", 1
"prince albert piercing", 1
"pron", 1
"pthc", 1
"pube", 1
"pubes", 1
"punany", 1
"pusse", 1
"pussi", 1
"pussies", 1
"pussy", 1
"pussys", 1
"queaf", 1
"queef", 1
"quim", 1
"raghead", 1
"raging boner", 1
"rape", 1
"raping", 1
"rapist", 1
"rectum", 1
"retard", 1
"reverse cowgirl", 1
"rimjaw", 1
"rimjob", 1
"rimming", 1
"rosy palm", 1
"rosy palm and her 5 sisters", 1
"rusty trombone", 1
"s hit", 1
"s&m", 1
"s.o.b.", 1
"s_h_i_t", 1
"sadism", 1
"sadist", 1
"santorum", 1
"scat", 1
"schlong", 1
"scissoring", 1
"screwing", 1
"scroat", 1
"scrote", 1
"scrotum", 1
"semen", 1
"sex", 1
"sexcam", 1
"sexo", 1
"sexual", 1
"sexuality", 1
"sexually", 1
"sexy", 1
"sh!+", 1
"sh!t", 1
"sh1t", 1
"shag", 1
"shagger", 1
"shaggin", 1
"shagging", 1
"shaved beaver", 1
"shaved pussy", 1
"shemale", 1
"shi+", 1
"shibari", 1
"shit", 1
"shitblimp", 1
"shitdick", 1
"shite", 1
"shited", 1
"shitey", 1
"shitfuck", 1
"shitfull", 1
"shithead", 1
"shiting", 1
"shitings", 1
"shits", 1
"shitted", 1
"shitter", 1
"shitters", 1
"shitting", 1
"shittings", 1
"shitty", 1
"shota", 1
"shrimping", 1
"skank", 1
"skeet", 1
"slanteye", 1
"slut", 1
"sluts", 1
"smegma", 1
"smut", 1
"snatch", 1
"snowballing", 1
"sodomize", 1
"sodomy", 1
"son-of-a-bitch", 1
"spac", 1
"spastic", 1
"spic", 1
"splooge", 1
"splooge moose", 1
"spooge", 1
"spread legs", 1
"spunk", 1
"strap on", 1
"strapon", 1
"strappado", 1
"strip club", 1
"style doggy", 1
"suck", 1
"sucks", 1
"suicide girls", 1
"sultry women", 1
"swastika", 1
"swinger", 1
"t1tt1e5", 1
"t1tties", 1
"tainted love", 1
"taste my", 1
"tea bagging", 1
"teets", 1
"teez", 1
"testical", 1
"testicle", 1
"threesome", 1
"throating", 1
"thumbzilla", 1
"tied up", 1
"tight white", 1
"tit", 1
"titfuck", 1
"tits", 1
"titt", 1
"tittie5", 1
"tittiefucker", 1
"titties", 1
"titty", 1
"tittyfuck", 1
"tittywank", 1
"titwank", 1
"tongue in a", 1
"topless", 1
"tosser", 1
"towelhead", 1
"tranny", 1
"tribadism", 1
"tub girl", 1
"tubgirl", 1
"turd", 1
"tushy", 1
"tw4t", 1
"twat", 1
"twathead", 1
"twatty", 1
"twink", 1
"twinkie", 1
"two girls one cup", 1
"twunt", 1
"twunter", 1
"undressing", 1
"upskirt", 1
"urethra play", 1
"urophilia", 1
"v14gra", 1
"v1gra", 1
"vagina", 1
"venus mound", 1
"viagra", 1
"vibrator", 1
"violet wand", 1
"vorarephilia", 1
"voyeur", 1
"voyeurweb", 1
"voyuer", 1
"vulva", 1
"w00se", 1
"wang", 1
"wank", 1
"wanker", 1
"wanky", 1
"wet dream", 1
"wetback", 1
"white power", 1
"whoar", 1
"whore", 1
"willies", 1
"willy", 1
"worldsex", 1
"wrapping men", 1
"wrinkled starfish", 1
"xrated", 1
"xx", 1
"xxx", 1
"yaoi", 1
"yellow showers", 1
"yiffy", 1
"zoophilia", 1
"", 1